{"training_loss": 2.3174500465393066, "_timestamp": 1709325147.365938, "_runtime": 4857.269304037094, "_step": 189, "test_loss": 2.312880224609375, "_wandb": {"runtime": 4856}}