{"training_loss": 2.3174500465393066, "_timestamp": 1709475355.579286, "_runtime": 93.32744407653809, "_step": 188, "test_loss": 2.312880224609375, "_wandb": {"runtime": 92}}