{"training_loss": 2.3174500465393066, "_timestamp": 1709330274.654519, "_runtime": 100.9614851474762, "_step": 189, "test_loss": 2.312880224609375, "_wandb": {"runtime": 98}}