{"training_loss": 2.2945187091827393, "_timestamp": 1709731117.3141801, "_runtime": 444.16967010498047, "_step": 927, "test_loss": 2.3012200439453125, "_wandb": {"runtime": 443}}