{"training_loss": 0.016998404636979103, "_timestamp": 1709641703.462528, "_runtime": 6816.517692089081, "_step": 5693, "test_loss": 0.02731181532740593, "_wandb": {"runtime": 6815}}