{"training_loss": 2.3174500465393066, "_timestamp": 1709474999.551741, "_runtime": 91.6434497833252, "_step": 189, "test_loss": 2.312880224609375, "_wandb": {"runtime": 90}}