{"training_loss": 2.3174500465393066, "_timestamp": 1709473910.967903, "_runtime": 90.7151780128479, "_step": 189, "test_loss": 2.312880224609375, "_wandb": {"runtime": 89}}